id;country;points;price;province;taster_name;
1;Portugal;87;15.0;Douro;Roger Voss;
2;US;87;14.0;Oregon;Paul Gregutt;
3;US;87;13.0;Michigan;Alexander Peartree;
4;US;87;65.0;Oregon;Paul Gregutt;
5;Spain;87;15.0;Northern Spain;Michael Schachner;
6;Italy;87;16.0;Sicily & Sardinia;Kerin O’Keefe;
7;France;87;24.0;Alsace;Roger Voss;
8;Germany;87;12.0;Rheinhessen;Anna Lee C. Iijima;
9;France;87;27.0;Alsace;Roger Voss;
10;US;87;19.0;California;Virginie Boone;
11;France;87;30.0;Alsace;Roger Voss;
12;US;87;34.0;California;Virginie Boone;
14;US;87;12.0;California;Matt Kettmann;
15;Germany;87;24.0;Mosel;Anna Lee C. Iijima;
16;Argentina;87;30.0;Other;Michael Schachner;
17;Argentina;87;13.0;Mendoza Province;Michael Schachner;
18;Spain;87;28.0;Northern Spain;Michael Schachner;
19;US;87;32.0;Virginia;Alexander Peartree;
20;US;87;23.0;Virginia;Alexander Peartree;
21;US;87;20.0;Oregon;Paul Gregutt;
22;Italy;87;19.0;Sicily & Sardinia;Kerin O’Keefe;
23;US;87;22.0;California;Matt Kettmann;
24;Italy;87;35.0;Sicily & Sardinia;Kerin O’Keefe;
25;US;87;69.0;California;Virginie Boone;
26;Italy;87;13.0;Sicily & Sardinia;Kerin O’Keefe;
27;Italy;87;10.0;Sicily & Sardinia;Kerin O’Keefe;
28;Italy;87;17.0;Sicily & Sardinia;Kerin O’Keefe;
29;US;86;16.0;California;Virginie Boone;
35;US;86;50.0;Oregon;Paul Gregutt;
36;Chile;86;15.0;Colchagua Valley;Michael Schachner;
41;US;86;22.0;Oregon;Paul Gregutt;
42;France;86;9.0;Beaujolais;Roger Voss;
44;Chile;86;9.0;Maule Valley;Michael Schachner;
49;France;86;14.0;Beaujolais;Roger Voss;
51;Chile;85;22.0;Colchagua Valley;Michael Schachner;
52;Italy;85;14.0;Sicily & Sardinia;;
53;France;85;15.0;Bordeaux;Roger Voss;
55;US;85;30.0;California;;
56;US;85;14.0;California;Virginie Boone;
57;Italy;85;13.0;Sicily & Sardinia;;
58;Chile;85;13.0;Maipo Valley;Michael Schachner;
59;US;86;55.0;Washington;Sean P. Sullivan;
60;US;86;100.0;California;Virginie Boone;
61;Italy;86;17.0;Central Italy;Kerin O’Keefe;
62;US;86;25.0;Washington;Sean P. Sullivan;
63;France;86;58.0;Champagne;Roger Voss;
64;US;86;26.0;California;Matt Kettmann;
65;France;86;24.0;Burgundy;Roger Voss;
66;France;86;15.0;Burgundy;Roger Voss;
67;US;86;46.0;Washington;Sean P. Sullivan;
68;US;86;12.0;California;Jim Gordon;
69;France;86;55.0;Champagne;Roger Voss;
70;US;86;12.0;Washington;Sean P. Sullivan;
71;US;86;40.0;California;Virginie Boone;
72;Italy;86;32.0;Southern Italy;Kerin O’Keefe;
73;US;86;75.0;California;Virginie Boone;
74;US;86;55.0;California;Virginie Boone;
75;US;86;75.0;California;Virginie Boone;
76;Germany;86;9.0;Rheinhessen;Anna Lee C. Iijima;
77;Australia;86;18.0;South Australia;Joe Czerwinski;
78;US;86;25.0;Oregon;Paul Gregutt;
80;Chile;86;12.0;Rapel Valley;Michael Schachner;
81;Spain;86;16.0;Galicia;Michael Schachner;
82;France;86;11.0;France Other;Roger Voss;
83;Australia;86;20.0;South Australia;Joe Czerwinski;
84;US;86;24.0;California;Virginie Boone;
85;Germany;86;10.0;Rheinhessen;Anna Lee C. Iijima;
86;US;86;20.0;Washington;Sean P. Sullivan;
87;US;86;55.0;California;Virginie Boone;
88;Italy;86;29.0;Tuscany;Kerin O’Keefe;
89;Italy;88;19.0;Tuscany;Kerin O’Keefe;
90;US;88;23.0;California;Virginie Boone;
91;US;88;18.0;California;Virginie Boone;
92;US;88;55.0;California;Virginie Boone;
93;Austria;88;12.0;Burgenland;Anne Krebiehl MW;
94;US;88;22.0;Washington;Sean P. Sullivan;
95;France;88;20.0;Beaujolais;Roger Voss;
96;France;88;18.0;Beaujolais;Roger Voss;
97;US;88;20.0;New York;Anna Lee C. Iijima;
98;Italy;88;30.0;Tuscany;Kerin O’Keefe;
99;US;88;75.0;California;Virginie Boone;
100;US;88;18.0;New York;Anna Lee C. Iijima;
101;US;87;20.0;New York;Anna Lee C. Iijima;
102;US;87;20.0;New York;Anna Lee C. Iijima;
103;Chile;87;18.0;Leyda Valley;Michael Schachner;
104;Italy;87;16.0;Tuscany;Kerin O’Keefe;
105;Italy;87;14.0;Tuscany;Kerin O’Keefe;
106;Italy;87;30.0;Tuscany;Kerin O’Keefe;
107;Italy;87;18.0;Tuscany;Kerin O’Keefe;
108;US;87;26.0;California;Matt Kettmann;
109;Italy;87;30.0;Tuscany;Kerin O’Keefe;
110;France;87;23.0;Beaujolais;Roger Voss;
111;US;87;85.0;California;Virginie Boone;
112;Italy;87;15.0;Tuscany;Kerin O’Keefe;
113;Italy;87;19.0;Tuscany;Kerin O’Keefe;
114;US;87;18.0;California;Matt Kettmann;
115;US;87;18.0;California;Matt Kettmann;
116;US;87;25.0;California;Matt Kettmann;
117;US;87;44.0;California;Matt Kettmann;
118;Italy;87;80.0;Tuscany;Kerin O’Keefe;
119;France;92;80.0;Alsace;;
120;Italy;92;70.0;Piedmont;;
121;US;92;36.0;California;;
122;US;92;39.0;California;;
123;Australia;92;40.0;South Australia;Joe Czerwinski;
124;US;92;45.0;California;;
125;South Africa;91;45.0;Stellenbosch;Roger Voss;
126;France;91;48.0;Alsace;;
127;France;91;13.0;Alsace;;
128;France;91;17.0;Alsace;;
129;South Africa;91;25.0;Stellenbosch;;
130;Italy;91;70.0;Piedmont;;
131;France;91;20.0;Alsace;;
132;South Africa;91;30.0;Simonsberg-Stellenbosch;Roger Voss;
133;Italy;91;68.0;Piedmont;;
134;US;91;78.0;California;;
135;Italy;91;60.0;Piedmont;;
136;France;91;50.0;Bordeaux;Joe Czerwinski;
138;France;90;10.0;Alsace;;
139;France;90;112.0;Alsace;;
140;Italy;90;26.0;Piedmont;;
141;Italy;90;45.0;Piedmont;;
142;US;90;17.0;California;;
143;France;90;84.0;Alsace;;
144;US;91;85.0;California;Virginie Boone;
145;US;91;64.0;California;Matt Kettmann;
146;US;91;68.0;California;Matt Kettmann;
147;US;91;68.0;California;Matt Kettmann;
148;Germany;91;16.0;Rheinhessen;Anna Lee C. Iijima;
149;US;91;35.0;California;Matt Kettmann;
150;US;91;25.0;California;Virginie Boone;
151;Portugal;91;30.0;Alentejano;Roger Voss;
152;US;91;55.0;California;Matt Kettmann;
153;US;91;46.0;California;Matt Kettmann;
154;Spain;91;50.0;Central Spain;Michael Schachner;
155;US;91;36.0;California;Matt Kettmann;
156;Germany;91;14.0;Mosel;Anna Lee C. Iijima;
157;Portugal;91;26.0;Alentejano;Roger Voss;
158;Italy;91;38.0;Tuscany;Kerin O’Keefe;
160;France;91;35.0;Southwest France;Roger Voss;
161;US;91;35.0;California;Matt Kettmann;
162;US;91;28.0;California;Matt Kettmann;
164;Chile;91;29.0;Aconcagua Valley;Michael Schachner;
165;Chile;91;32.0;Maipo Valley;Michael Schachner;
166;France;91;25.0;Southwest France;Roger Voss;
167;US;91;28.0;California;Matt Kettmann;
168;US;91;95.0;California;Virginie Boone;
169;US;91;44.0;California;Virginie Boone;
170;Germany;91;30.0;Mosel;Anna Lee C. Iijima;
171;Germany;91;22.0;Mosel;Anna Lee C. Iijima;
172;Chile;91;20.0;Loncomilla Valley;Michael Schachner;
173;US;91;38.0;Oregon;Paul Gregutt;
174;New Zealand;88;19.0;Marlborough;Joe Czerwinski;
175;Italy;88;25.0;Northeastern Italy;;
176;Chile;88;50.0;Maipo Valley;Michael Schachner;
177;Italy;88;22.0;Tuscany;;
178;US;88;25.0;California;;
179;France;88;27.0;Burgundy;Roger Voss;
180;US;88;23.0;California;;
181;US;88;36.0;California;;
183;Argentina;88;12.0;Other;Michael Schachner;
184;US;88;35.0;California;;
185;Chile;88;15.0;Colchagua Valley;Michael Schachner;
186;US;88;40.0;California;;
187;Italy;88;48.0;Sicily & Sardinia;;
188;Chile;88;11.0;Colchagua Valley;Michael Schachner;
189;Chile;87;11.0;Casablanca Valley;Michael Schachner;
190;Italy;87;26.0;Southern Italy;;
191;Australia;87;30.0;South Australia;Joe Czerwinski;
192;Italy;87;20.0;Veneto;;
193;France;87;35.0;Burgundy;Roger Voss;
195;Italy;87;35.0;Tuscany;;
196;Italy;87;18.0;Tuscany;;
197;South Africa;90;23.0;Western Cape;Lauren Buzzeo;
198;US;90;60.0;California;Virginie Boone;
199;US;90;28.0;California;Jim Gordon;
201;Italy;90;62.0;Northeastern Italy;Kerin O’Keefe;
202;Israel;90;50.0;Judean Hills;Mike DeSimone;
203;Portugal;90;28.0;Alentejo;Roger Voss;
204;US;90;30.0;California;Matt Kettmann;
205;US;90;25.0;California;Matt Kettmann;
206;US;90;25.0;California;Virginie Boone;
207;US;90;32.0;California;Virginie Boone;
208;South Africa;90;40.0;Coastal Region;Lauren Buzzeo;
209;France;90;16.0;Rhône Valley;Joe Czerwinski;
210;South Africa;90;20.0;Western Cape;Lauren Buzzeo;
211;France;90;32.0;Rhône Valley;Joe Czerwinski;
212;Spain;90;40.0;Northern Spain;Michael Schachner;
213;US;90;48.0;California;Matt Kettmann;
214;US;90;36.0;California;Virginie Boone;
215;Israel;90;80.0;Galilee;Mike DeSimone;
216;Italy;90;57.0;Tuscany;Kerin O’Keefe;
217;Portugal;90;20.0;Beira Atlantico;Roger Voss;
218;US;90;20.0;California;Virginie Boone;
219;Hungary;90;36.0;Tokaj;Jeff Jenssen;
220;US;90;40.0;California;Virginie Boone;
221;Italy;90;40.0;Northeastern Italy;Kerin O’Keefe;
224;Argentina;90;22.0;Mendoza Province;Michael Schachner;
225;South Africa;90;25.0;Stellenbosch;Lauren Buzzeo;
226;South Africa;90;20.0;Stellenbosch;Lauren Buzzeo;
227;US;85;15.0;New York;;
228;US;85;14.0;New York;;
229;US;85;18.0;California;;
230;US;85;16.0;New York;Susan Kostrzewa;
231;Argentina;85;10.0;Mendoza Province;Michael Schachner;
232;Australia;85;12.0;South Australia;;
233;US;85;28.0;Oregon;Paul Gregutt;
234;Italy;85;10.0;Central Italy;;
235;US;85;49.0;California;;
236;US;85;85.0;California;;
237;Italy;85;18.0;Central Italy;;
238;Australia;85;29.0;South Australia;Joe Czerwinski;
239;US;85;36.0;California;;
240;France;85;9.0;Southwest France;Roger Voss;
241;US;85;34.0;California;;
242;US;85;15.0;California;;
243;US;85;30.0;New York;;
244;Spain;85;13.0;Northern Spain;Michael Schachner;
245;Argentina;85;12.0;Other;Michael Schachner;
246;Australia;85;15.0;South Australia;;
247;US;85;25.0;California;;
248;US;85;45.0;Oregon;Paul Gregutt;
249;US;85;18.0;Virginia;;
250;US;85;49.0;California;;
251;US;85;22.0;Oregon;Paul Gregutt;
252;US;85;35.0;California;;
253;Argentina;85;15.0;Mendoza Province;Michael Schachner;
254;US;89;45.0;California;;
255;US;89;55.0;California;Virginie Boone;
256;South Africa;89;20.0;Coastal Region;Lauren Buzzeo;
257;South Africa;89;18.0;Coastal Region;Lauren Buzzeo;
258;South Africa;89;35.0;Stellenbosch;Lauren Buzzeo;
259;France;89;13.0;Southwest France;Roger Voss;
260;US;89;40.0;Oregon;Paul Gregutt;
261;Argentina;89;37.0;Mendoza Province;Michael Schachner;
262;US;89;39.0;California;Virginie Boone;
263;US;89;60.0;California;;
264;South Africa;89;19.0;Stellenbosch;Lauren Buzzeo;
265;South Africa;89;40.0;Stellenbosch;Lauren Buzzeo;
266;Argentina;89;14.0;Mendoza Province;Michael Schachner;
267;Italy;89;40.0;Central Italy;;
268;Italy;89;36.0;Veneto;;
269;Austria;89;17.0;Leithaberg;Roger Voss;
270;Italy;89;25.0;Northeastern Italy;;
271;Greece;89;15.0;Santorini;Susan Kostrzewa;
272;Italy;89;26.0;Northeastern Italy;;
273;Argentina;89;19.0;Mendoza Province;Michael Schachner;
274;Italy;89;13.0;Piedmont;;
275;Argentina;89;30.0;Mendoza Province;Michael Schachner;
276;US;89;20.0;California;;
277;US;89;30.0;California;;
278;US;89;50.0;Oregon;Paul Gregutt;
279;Italy;89;52.0;Northeastern Italy;;
280;Austria;92;24.0;Kremstal;Roger Voss;
281;US;92;34.0;California;;
282;Italy;92;41.0;Tuscany;Kerin O’Keefe;
283;US;92;52.0;Oregon;Paul Gregutt;
284;Argentina;92;215.0;Mendoza Province;Michael Schachner;
286;US;92;60.0;California;;
287;Spain;92;40.0;Catalonia;Michael Schachner;
289;US;92;125.0;California;;
292;France;92;45.0;France Other;Roger Voss;
293;Australia;92;70.0;South Australia;Joe Czerwinski;
294;Argentina;92;30.0;Mendoza Province;Michael Schachner;
295;US;87;35.0;California;;
296;Chile;87;20.0;Maipo Valley;Michael Schachner;
297;US;87;15.0;California;;
298;Chile;87;19.0;Aconcagua Valley;Michael Schachner;
300;US;87;28.0;California;;
301;US;87;14.0;Washington;Paul Gregutt;
303;Italy;87;56.0;Piedmont;;
305;US;87;24.0;California;Virginie Boone;
306;Romania;87;7.0;Recas;Anna Lee C. Iijima;
307;France;87;30.0;Burgundy;Roger Voss;
308;Greece;87;18.0;Santorini;Susan Kostrzewa;
309;Italy;87;20.0;Piedmont;;
310;Italy;87;18.0;Piedmont;;
311;New Zealand;87;18.0;Hawke's Bay;Joe Czerwinski;
312;US;87;40.0;California;;
314;US;87;28.0;California;;
315;Italy;86;15.0;Veneto;;
318;Chile;86;18.0;Curicó Valley;Michael Schachner;
319;Italy;86;20.0;Veneto;;
320;Italy;86;22.0;Veneto;;
321;Italy;86;16.0;Veneto;;
322;Italy;86;18.0;Veneto;;
323;Chile;86;35.0;Colchagua Valley;Michael Schachner;
324;Italy;86;12.0;Veneto;;
325;US;86;11.0;New York;Susan Kostrzewa;
326;Italy;86;15.0;Veneto;;
327;Chile;86;18.0;Limarí Valley;Michael Schachner;
328;US;86;16.0;California;;
329;US;86;34.0;California;;
330;US;86;40.0;California;;
331;Chile;86;15.0;Casablanca Valley;Michael Schachner;
332;Italy;86;19.0;Veneto;;
333;Italy;86;18.0;Veneto;;
334;France;86;42.0;Champagne;Roger Voss;
335;Italy;86;15.0;Veneto;;
336;Chile;83;35.0;Colchagua Costa;Michael Schachner;
337;France;83;16.0;Languedoc-Roussillon;Lauren Buzzeo;
338;France;82;11.0;Provence;Roger Voss;
339;Spain;82;13.0;Catalonia;Michael Schachner;
340;France;82;18.0;Alsace;Anne Krebiehl MW;
341;US;82;48.0;California;Virginie Boone;
342;Spain;82;11.0;Catalonia;Michael Schachner;
343;Chile;81;20.0;Rapel Valley;Michael Schachner;
344;Chile;80;19.0;Leyda Valley;Michael Schachner;
345;Australia;100;350.0;Victoria;Joe Czerwinski;
346;Australia;98;350.0;Victoria;Joe Czerwinski;
347;Germany;97;775.0;Rheingau;Anna Lee C. Iijima;
348;Australia;97;100.0;Victoria;Joe Czerwinski;
349;Australia;97;225.0;South Australia;Joe Czerwinski;
350;Italy;97;150.0;Piedmont;Kerin O’Keefe;
351;Hungary;96;320.0;Tokaji;Jeff Jenssen;
352;US;96;68.0;California;Virginie Boone;
353;France;96;630.0;Burgundy;Roger Voss;
354;Germany;96;365.0;Rheingau;Anna Lee C. Iijima;
355;US;96;68.0;California;Virginie Boone;
356;Australia;95;85.0;Victoria;Joe Czerwinski;
357;France;95;350.0;Burgundy;Roger Voss;
358;Germany;95;66.0;Rheingau;Anna Lee C. Iijima;
359;France;95;110.0;Burgundy;Roger Voss;
360;Australia;95;125.0;South Australia;Joe Czerwinski;
361;Italy;95;60.0;Piedmont;Kerin O’Keefe;
362;US;95;200.0;California;Virginie Boone;
363;France;95;380.0;Burgundy;Roger Voss;
364;US;95;48.0;Oregon;Paul Gregutt;
365;Australia;95;60.0;South Australia;Joe Czerwinski;
366;Italy;88;21.0;Northeastern Italy;Joe Czerwinski;
367;Chile;88;10.0;Maipo Valley;Michael Schachner;
368;Italy;88;11.0;Veneto;Joe Czerwinski;
369;Italy;88;21.0;Northeastern Italy;Joe Czerwinski;
370;US;88;160.0;California;;
371;Italy;88;23.0;Northeastern Italy;Roger Voss;
372;Italy;88;10.0;Veneto;Roger Voss;
373;Italy;88;15.0;Northeastern Italy;Roger Voss;
374;US;88;19.0;California;;
375;Italy;88;40.0;Tuscany;;
376;Italy;88;18.0;Northeastern Italy;Roger Voss;
378;Mexico;88;18.0;Valle de Guadalupe;;
379;Italy;88;15.0;Northeastern Italy;Joe Czerwinski;
380;Chile;88;12.0;Rapel Valley;Michael Schachner;
382;Chile;88;15.0;Maipo Valley;Michael Schachner;
383;Italy;88;9.0;Veneto;Joe Czerwinski;
384;Italy;88;30.0;Northeastern Italy;Roger Voss;
385;US;88;18.0;California;;
386;US;88;34.0;California;;
387;US;88;17.0;California;;
388;US;88;25.0;California;Roger Voss;
389;Italy;88;15.0;Northeastern Italy;Joe Czerwinski;
390;Chile;88;12.0;Maipo Valley;Michael Schachner;
391;Chile;88;14.0;Central Valley;Michael Schachner;
392;US;87;12.0;California;;
393;Chile;87;11.0;Lontué Valley;Michael Schachner;
394;Chile;87;12.0;Maipo Valley;Michael Schachner;
396;US;85;16.0;California;;
397;Chile;85;15.0;Colchagua Valley;Michael Schachner;
398;Chile;85;13.0;Curicó Valley;Michael Schachner;
399;Italy;85;24.0;Veneto;;
400;Italy;85;13.0;Italy Other;;
401;Italy;85;19.0;Veneto;;
402;Chile;85;11.0;Colchagua Valley;Michael Schachner;
403;US;85;15.0;California;;
404;US;85;45.0;California;;
405;Italy;85;19.0;Veneto;;
406;France;85;30.0;Champagne;Roger Voss;
407;Chile;85;14.0;Casablanca Valley;Michael Schachner;
408;Italy;85;15.0;Veneto;;
409;US;85;20.0;New York;Susan Kostrzewa;
410;US;85;20.0;New York;Susan Kostrzewa;
411;US;85;12.0;California;;
412;Italy;85;20.0;Veneto;;
413;Italy;85;13.0;Veneto;;
414;Italy;85;16.0;Veneto;;
415;US;85;14.0;New York;Susan Kostrzewa;
416;Italy;85;14.0;Veneto;;
419;France;89;20.0;Bordeaux;Roger Voss;
421;US;89;30.0;Washington;Sean P. Sullivan;
422;US;89;20.0;Washington;Sean P. Sullivan;
423;Austria;89;23.0;Weinviertel;Anne Krebiehl MW;
424;US;89;30.0;California;Jim Gordon;
425;US;89;18.0;New York;Anna Lee C. Iijima;
426;Spain;89;18.0;Northern Spain;Michael Schachner;
427;US;89;35.0;New York;Anna Lee C. Iijima;
428;Austria;89;17.0;Kremstal;Anne Krebiehl MW;
429;US;89;42.0;Washington;Sean P. Sullivan;
430;US;89;30.0;California;Matt Kettmann;
431;US;89;24.0;California;Matt Kettmann;
432;US;89;16.0;Washington;Sean P. Sullivan;
433;US;89;27.0;California;Jim Gordon;
434;Italy;89;89.0;Piedmont;Kerin O’Keefe;
436;Italy;89;15.0;Piedmont;Kerin O’Keefe;
437;US;89;54.0;California;Virginie Boone;
438;Spain;89;15.0;Northern Spain;Michael Schachner;
439;Spain;89;42.0;Northern Spain;Michael Schachner;
440;US;89;38.0;Washington;Sean P. Sullivan;
441;Austria;89;12.0;Niederösterreich;Anne Krebiehl MW;
442;US;89;35.0;New York;Anna Lee C. Iijima;
443;US;88;32.0;California;Virginie Boone;
444;Austria;88;12.0;Wagram;Anne Krebiehl MW;
445;Italy;88;28.0;Sicily & Sardinia;Kerin O’Keefe;
446;US;88;20.0;California;Matt Kettmann;
447;France;88;14.0;Loire Valley;Roger Voss;
448;France;88;19.0;Rhône Valley;Joe Czerwinski;
449;Italy;92;39.0;Lombardy;Kerin O’Keefe;
451;Italy;92;35.0;Tuscany;Kerin O’Keefe;
453;France;92;69.0;Champagne;Roger Voss;
454;Canada;92;30.0;Ontario;Sean P. Sullivan;
455;US;92;40.0;California;;
456;US;92;23.0;California;Virginie Boone;
457;US;92;45.0;California;;
458;Italy;92;50.0;Lombardy;Kerin O’Keefe;
459;France;92;100.0;Champagne;Roger Voss;
460;US;92;50.0;Oregon;Paul Gregutt;
461;US;92;29.0;Oregon;Paul Gregutt;
462;France;92;66.0;Burgundy;Roger Voss;
463;France;92;60.0;Champagne;Roger Voss;
464;Germany;92;115.0;Rheinhessen;Anna Lee C. Iijima;
465;Italy;92;69.0;Veneto;Kerin O’Keefe;
467;US;92;65.0;Oregon;Paul Gregutt;
468;Germany;92;42.0;Mosel;Anna Lee C. Iijima;
469;Germany;92;27.0;Mosel;Anna Lee C. Iijima;
470;France;92;70.0;Champagne;Roger Voss;
471;France;92;73.0;Burgundy;Roger Voss;
472;France;92;72.0;Burgundy;Roger Voss;
473;Portugal;92;34.0;Alentejano;Roger Voss;
475;US;92;130.0;California;;
476;US;92;88.0;California;;
477;France;92;65.0;Bordeaux;Roger Voss;
479;Italy;87;15.0;Sicily & Sardinia;;
480;US;87;45.0;Washington;Paul Gregutt;
481;Italy;87;18.0;Sicily & Sardinia;;
482;US;87;60.0;California;;
483;South Africa;87;12.0;Stellenbosch;Lauren Buzzeo;
484;South Africa;87;12.0;Western Cape;Lauren Buzzeo;
485;France;87;13.0;Rhône Valley;Joe Czerwinski;
486;US;87;13.0;California;;
487;Italy;87;15.0;Northeastern Italy;;
488;Italy;87;18.0;Northeastern Italy;;
489;Italy;87;13.0;Northeastern Italy;;
490;Spain;87;19.0;Catalonia;Michael Schachner; Cellars
491;Austria;87;18.0;Kremstal;Roger Voss;
492;US;87;30.0;Washington;Paul Gregutt;
493;US;87;35.0;Washington;Paul Gregutt;
494;US;87;12.0;New York;Anna Lee C. Iijima;
495;US;87;18.0;California;Virginie Boone;
496;Spain;87;25.0;Northern Spain;Michael Schachner;
497;US;87;30.0;California;Virginie Boone;
498;US;87;17.0;California;;
499;France;87;20.0;Provence;Roger Voss;
500;Spain;87;11.0;Northern Spain;Michael Schachner;
501;US;87;15.0;California;Virginie Boone;
502;Austria;87;18.0;Österreichischer Sekt;Roger Voss;
503;US;87;19.0;California;;
504;France;87;15.0;Rhône Valley;Joe Czerwinski;
505;Spain;87;16.0;Northern Spain;Michael Schachner;
506;Italy;87;12.0;Northeastern Italy;;
507;US;87;28.0;Washington;Paul Gregutt;
508;US;87;28.0;Washington;Paul Gregutt;
509;US;91;65.0;California;Virginie Boone;
510;US;91;48.0;California;Matt Kettmann;
511;France;91;70.0;Champagne;Roger Voss;
512;France;91;59.0;Champagne;Roger Voss;
513;US;91;90.0;California;Virginie Boone;
514;Chile;91;35.0;Colchagua Valley;Michael Schachner;
515;US;91;75.0;California;Virginie Boone;
516;US;91;55.0;California;Virginie Boone;
517;US;91;55.0;California;Virginie Boone;
518;France;91;60.0;Burgundy;Roger Voss;
519;US;91;36.0;California;Jim Gordon;
520;US;91;35.0;California;Matt Kettmann;
521;US;91;35.0;California;Matt Kettmann;
522;US;91;55.0;Oregon;Paul Gregutt;
523;US;91;65.0;Oregon;Paul Gregutt;
524;US;91;35.0;Washington;Sean P. Sullivan;
525;US;91;49.0;California;Matt Kettmann;
526;US;91;55.0;Oregon;Paul Gregutt;
527;Germany;91;30.0;Rheinhessen;Anna Lee C. Iijima;
528;France;91;42.0;Champagne;Roger Voss;
529;US;91;45.0;California;Virginie Boone;
530;Chile;91;24.0;Colchagua Valley;Michael Schachner;
531;US;91;50.0;Oregon;Paul Gregutt;
532;US;91;50.0;Oregon;Paul Gregutt;
533;US;91;50.0;Oregon;Paul Gregutt;
534;US;91;38.0;California;Matt Kettmann;
535;Germany;91;22.0;Mosel;Anna Lee C. Iijima;
536;US;91;50.0;Washington;Sean P. Sullivan;
537;US;91;110.0;California;Virginie Boone;
538;US;91;45.0;Oregon;Paul Gregutt;
539;US;93;42.0;California;Matt Kettmann;
540;US;93;60.0;California;Matt Kettmann;
541;US;93;42.0;California;Matt Kettmann;
542;Italy;93;30.0;Northeastern Italy;Kerin O’Keefe;
543;US;93;75.0;California;Virginie Boone;
544;US;93;54.0;California;Matt Kettmann;
545;US;93;85.0;California;Virginie Boone;
546;US;93;50.0;California;Virginie Boone;
547;US;93;150.0;California;Matt Kettmann;
548;US;93;85.0;California;Virginie Boone;
549;Italy;93;90.0;Piedmont;Kerin O’Keefe;
550;US;93;35.0;California;Virginie Boone;
551;US;93;46.0;California;Virginie Boone;
552;France;93;20.0;Provence;Roger Voss;
553;Argentina;93;42.0;Mendoza Province;Michael Schachner;
554;France;93;40.0;Provence;Roger Voss;
555;US;93;75.0;Washington;Sean P. Sullivan;
556;Spain;93;88.0;Northern Spain;Michael Schachner;
557;US;93;40.0;California;Matt Kettmann;
558;US;93;25.0;California;Jim Gordon;
559;US;93;48.0;California;Virginie Boone;
560;US;93;45.0;California;Virginie Boone;
561;US;93;50.0;California;Jim Gordon;
562;US;93;65.0;California;Virginie Boone;
563;US;93;48.0;California;Matt Kettmann;
564;US;93;62.0;California;Matt Kettmann;
565;US;93;100.0;California;Matt Kettmann;
566;US;93;53.0;California;Virginie Boone;
567;Argentina;93;55.0;Mendoza Province;Michael Schachner;
568;US;93;70.0;California;Virginie Boone;
569;US;89;38.0;Washington;Sean P. Sullivan;
570;US;89;50.0;Washington;Sean P. Sullivan;
571;US;89;25.0;California;Jim Gordon;
572;Italy;89;15.0;Piedmont;Kerin O’Keefe;
573;France;89;14.0;Bordeaux;Roger Voss;
574;France;89;11.0;Rhône Valley;Joe Czerwinski;
575;France;89;14.0;Bordeaux;Roger Voss;
576;France;89;37.0;Bordeaux;Roger Voss;
577;US;89;17.0;New York;Anna Lee C. Iijima;
578;France;89;15.0;Bordeaux;Roger Voss;
579;US;89;13.0;California;Jim Gordon;
580;US;89;18.0;Washington;Sean P. Sullivan;
581;US;89;26.0;Washington;Sean P. Sullivan;
582;US;89;18.0;Washington;Sean P. Sullivan;
583;US;89;32.0;California;Matt Kettmann;
584;Austria;89;18.0;Kamptal;Anne Krebiehl MW;
585;US;89;25.0;Washington;Sean P. Sullivan;
586;Austria;89;18.0;Steiermark;Anne Krebiehl MW;
587;Austria;89;20.0;Südsteiermark;Anne Krebiehl MW;
588;US;89;18.0;California;Jim Gordon;
590;US;89;17.0;California;Matt Kettmann;
591;Austria;89;13.0;Niederösterreich;Anne Krebiehl MW;
592;US;89;41.0;Washington;Sean P. Sullivan;
593;Austria;89;16.0;Niederösterreich;Anne Krebiehl MW;
594;France;89;20.0;Rhône Valley;Joe Czerwinski;
595;US;89;30.0;Washington;Sean P. Sullivan;
596;Greece;89;13.0;Crete;Susan Kostrzewa;
597;Austria;89;24.0;Kremstal;Anne Krebiehl MW;
598;US;89;36.0;California;Matt Kettmann;
599;US;87;20.0;California;;
600;Italy;87;19.0;Piedmont;;
601;Mexico;87;15.0;Valle de Guadalupe;Michael Schachner;
602;US;87;69.0;California;;
603;US;87;36.0;New York;Anna Lee C. Iijima;
604;Spain;87;35.0;Northern Spain;Michael Schachner;
605;Argentina;87;30.0;Mendoza Province;Michael Schachner;
606;US;87;25.0;Oregon;Sean P. Sullivan;
607;US;87;25.0;Oregon;Sean P. Sullivan;
608;Portugal;87;15.0;Douro;Roger Voss;
609;US;87;20.0;Oregon;Paul Gregutt;
610;US;87;17.0;California;;
611;US;87;54.0;California;;
612;US;87;40.0;California;;
613;Portugal;87;12.0;Vinho Verde;Roger Voss;
614;Italy;87;19.0;Veneto;;
615;Argentina;87;11.0;Mendoza Province;Michael Schachner;
616;US;87;45.0;California;;
617;Italy;87;25.0;Veneto;;
618;US;87;35.0;California;;
619;Italy;87;16.0;Piedmont;;
620;Italy;87;20.0;Veneto;;
621;US;87;28.0;California;;
622;US;87;25.0;Idaho;Sean P. Sullivan;
623;US;87;28.0;Idaho;Sean P. Sullivan;
624;US;87;20.0;Idaho;Sean P. Sullivan;
625;Italy;87;15.0;Veneto;;
626;Italy;87;23.0;Veneto;;
627;Italy;87;19.0;Piedmont;;
628;Australia;92;35.0;South Australia;Joe Czerwinski;
629;US;92;75.0;California;Virginie Boone;
630;US;92;48.0;Oregon;Paul Gregutt;
631;France;92;54.0;Alsace;Anne Krebiehl MW;
632;France;92;34.0;Alsace;Anne Krebiehl MW;
633;Australia;92;60.0;Victoria;Joe Czerwinski;
634;US;92;48.0;California;Virginie Boone;
635;Spain;92;28.0;Northern Spain;Michael Schachner;
636;Australia;92;125.0;South Australia;Joe Czerwinski;
637;France;92;45.0;Alsace;Anne Krebiehl MW;
638;France;92;36.0;Alsace;Anne Krebiehl MW;
639;France;92;30.0;Alsace;Anne Krebiehl MW;
640;US;92;37.0;California;Matt Kettmann;
641;US;92;25.0;California;Virginie Boone;
642;Portugal;92;30.0;Alentejano;Roger Voss;
643;US;92;60.0;California;Virginie Boone;
644;US;92;40.0;California;Matt Kettmann;
645;US;92;50.0;Oregon;Paul Gregutt;
646;Portugal;92;23.0;Tejo;Roger Voss;
647;Portugal;92;80.0;Douro;Roger Voss;
648;Germany;92;34.0;Mosel;Anna Lee C. Iijima;
649;US;92;75.0;California;Virginie Boone;
650;Italy;92;24.0;Northeastern Italy;Kerin O’Keefe;
651;France;92;39.0;Alsace;Anne Krebiehl MW;
652;Australia;92;21.0;Western Australia;Joe Czerwinski;
653;US;92;35.0;California;Matt Kettmann;
654;France;92;43.0;Alsace;Anne Krebiehl MW;
655;US;92;30.0;California;Jim Gordon;
656;US;92;70.0;Oregon;Paul Gregutt;
657;South Africa;92;50.0;Coastal Region;Lauren Buzzeo;
658;US;90;40.0;California;Virginie Boone;
659;US;90;45.0;Washington;Sean P. Sullivan;
660;US;90;80.0;California;Virginie Boone;
661;US;90;15.0;California;Jim Gordon;
662;Italy;90;65.0;Piedmont;Kerin O’Keefe;
663;US;90;65.0;California;Virginie Boone;
664;Italy;90;35.0;Piedmont;Kerin O’Keefe;
665;Italy;90;25.0;Piedmont;Kerin O’Keefe;
666;US;90;20.0;Washington;Sean P. Sullivan;
667;Spain;90;15.0;Levante;Michael Schachner;
668;US;90;26.0;New York;Anna Lee C. Iijima;
669;US;90;30.0;Washington;Sean P. Sullivan;
670;US;90;13.0;Washington;Sean P. Sullivan;
671;US;90;45.0;California;Virginie Boone;
672;US;90;26.0;New York;Anna Lee C. Iijima;
673;US;90;44.0;California;Jim Gordon;
674;US;90;38.0;California;Virginie Boone;
675;US;90;28.0;California;Virginie Boone;
676;US;90;32.0;Washington;Sean P. Sullivan;
677;Italy;90;50.0;Tuscany;Kerin O’Keefe;
678;Italy;90;35.0;Tuscany;Kerin O’Keefe;
679;US;90;35.0;Washington;Sean P. Sullivan;
680;Spain;90;25.0;Northern Spain;Michael Schachner;
681;US;90;42.0;Washington;Sean P. Sullivan;
682;Italy;90;45.0;Piedmont;Kerin O’Keefe;
683;Italy;90;70.0;Tuscany;Kerin O’Keefe;
684;US;90;30.0;Washington;Sean P. Sullivan;
685;US;90;75.0;California;Virginie Boone;
686;Italy;90;53.0;Piedmont;Kerin O’Keefe;
687;US;90;29.0;California;Matt Kettmann;
688;US;91;90.0;Washington;Sean P. Sullivan;
689;US;91;35.0;California;Matt Kettmann;
690;Austria;91;35.0;Burgenland;Anne Krebiehl MW;
691;US;91;50.0;California;Jim Gordon;
692;Italy;91;35.0;Tuscany;Kerin O’Keefe;
693;US;91;65.0;California;Virginie Boone;
694;South Africa;91;50.0;Stellenbosch;Lauren Buzzeo;
695;Italy;91;43.0;Tuscany;Kerin O’Keefe;
696;New Zealand;91;28.0;Marlborough;Joe Czerwinski;
698;US;91;20.0;Washington;Sean P. Sullivan;
699;South Africa;91;40.0;Simonsberg-Stellenbosch;Lauren Buzzeo;
700;Argentina;91;30.0;Mendoza Province;Michael Schachner;
701;France;91;65.0;Provence;Roger Voss;
702;France;91;17.0;Provence;Roger Voss;
704;France;91;20.0;Provence;Roger Voss;
705;New Zealand;91;28.0;Marlborough;Joe Czerwinski;
706;France;91;20.0;Provence;Roger Voss;
707;France;91;20.0;Provence;Roger Voss;
708;France;91;25.0;Provence;Roger Voss;
709;US;91;38.0;California;Virginie Boone;
710;New Zealand;91;120.0;Martinborough;Joe Czerwinski;
711;US;91;23.0;California;Virginie Boone;
712;US;91;48.0;California;Virginie Boone;
713;US;91;32.0;California;Virginie Boone;
714;New Zealand;91;50.0;Central Otago;Joe Czerwinski;
715;Argentina;91;28.0;Mendoza Province;Michael Schachner;
716;New Zealand;91;30.0;Central Otago;Joe Czerwinski;
717;France;91;25.0;Provence;Roger Voss;
718;Portugal;85;8.0;Lisboa;Roger Voss;
719;France;85;15.0;Burgundy;Roger Voss;
720;Portugal;85;22.0;Alentejano;Roger Voss;
721;Argentina;85;14.0;Mendoza Province;Michael Schachner;
722;Argentina;85;25.0;Mendoza Province;Michael Schachner;
723;Portugal;85;8.0;Vinho Verde;Roger Voss;
724;US;85;14.0;Texas;Alexander Peartree;
725;Italy;85;80.0;Piedmont;Kerin O’Keefe;
726;Portugal;85;9.0;Vinho Verde;Roger Voss;
727;US;85;13.0;Oregon;Paul Gregutt;
728;Argentina;85;17.0;Other;Michael Schachner;
729;Portugal;85;10.0;Alentejano;Roger Voss;
730;US;85;16.0;California;Jim Gordon;
731;France;85;10.0;France Other;Lauren Buzzeo;
732;France;85;22.0;Burgundy;Roger Voss;
733;France;85;40.0;Burgundy;Roger Voss;
734;Argentina;85;15.0;Mendoza Province;Michael Schachner;
735;Argentina;85;17.0;Other;Michael Schachner;
736;US;85;32.0;California;Matt Kettmann;
737;Portugal;85;12.0;Península de Setúbal;Roger Voss;
738;Argentina;85;17.0;Mendoza Province;Michael Schachner;
739;Italy;85;102.0;Piedmont;Kerin O’Keefe;
741;France;85;10.0;Burgundy;Roger Voss;
742;France;85;20.0;Burgundy;Roger Voss;
743;US;85;33.0;California;Virginie Boone;
744;Italy;85;48.0;Piedmont;Kerin O’Keefe;
745;Portugal;85;12.0;Alentejo;Roger Voss;
746;Australia;85;9.0;Australia Other;Joe Czerwinski;
747;US;87;24.0;California;;
748;US;87;75.0;New York;Anna Lee C. Iijima;
749;France;87;12.0;Alsace;Roger Voss;
750;US;87;45.0;California;;
751;Chile;87;13.0;Central Valley;Michael Schachner;
753;US;87;22.0;California;;
754;Spain;87;10.0;Northern Spain;Michael Schachner;
755;US;87;18.0;California;;
756;US;87;35.0;California;;
757;US;87;36.0;California;;
758;US;87;34.0;California;;
759;US;87;70.0;California;Virginie Boone;
760;US;87;28.0;California;;
761;Chile;87;19.0;Colchagua Valley;Michael Schachner;
762;Spain;87;14.0;Northern Spain;Michael Schachner;
763;Spain;87;10.0;Northern Spain;Michael Schachner;
764;US;87;45.0;California;;
765;US;87;32.0;California;;
766;Australia;87;18.0;Tasmania;Joe Czerwinski;
767;Spain;87;9.0;Northern Spain;Michael Schachner;
768;Australia;87;11.0;Australia Other;Joe Czerwinski;
769;Italy;87;30.0;Southern Italy;;
770;France;92;62.0;Champagne;Roger Voss;
771;US;92;40.0;California;;
772;France;92;66.0;Champagne;Roger Voss;
773;Portugal;92;32.0;Alentejo;Roger Voss;
774;US;92;70.0;Oregon;Paul Gregutt;
775;US;92;48.0;Oregon;Paul Gregutt;
776;France;92;72.0;Champagne;Roger Voss;
777;Italy;92;18.0;Northeastern Italy;;
778;US;92;105.0;Oregon;Paul Gregutt;
779;France;92;101.0;Champagne;Roger Voss;
780;Italy;92;50.0;Tuscany;;
781;Italy;92;85.0;Northeastern Italy;;
782;US;92;35.0;California;;
783;US;92;38.0;California;;
784;Portugal;90;32.0;Douro;Roger Voss;
785;Argentina;90;25.0;Other;Michael Schachner;
786;Portugal;90;12.0;Douro;Roger Voss;
787;US;90;125.0;California;Virginie Boone;
788;Argentina;90;46.0;Mendoza Province;Michael Schachner;
789;Germany;90;29.0;Mosel;Anna Lee C. Iijima;
790;US;90;17.0;Washington;Sean P. Sullivan;
791;US;90;85.0;Oregon;Paul Gregutt;
792;France;90;30.0;Bordeaux;Roger Voss;
793;US;90;34.0;Washington;Sean P. Sullivan;
794;US;90;22.0;California;Matt Kettmann;
795;France;90;35.0;Bordeaux;Roger Voss;
796;France;90;45.0;Bordeaux;Roger Voss;
797;France;90;20.0;Bordeaux;Roger Voss;
798;France;90;17.0;Bordeaux;Roger Voss;
799;France;90;45.0;Bordeaux;Roger Voss;
800;US;90;20.0;California;Matt Kettmann;
801;US;90;50.0;California;Virginie Boone;
802;France;90;22.0;Beaujolais;Roger Voss;
803;US;90;39.0;Washington;Sean P. Sullivan;
804;US;90;35.0;Washington;Sean P. Sullivan;
805;US;90;15.0;Oregon;Paul Gregutt;
806;US;90;27.0;California;Jim Gordon;
807;Australia;90;66.0;Victoria;Joe Czerwinski;
808;Italy;90;32.0;Central Italy;Kerin O’Keefe;
809;Spain;90;20.0;Central Spain;Michael Schachner;
810;US;90;125.0;California;Virginie Boone;
811;Germany;90;16.0;Franken;Anna Lee C. Iijima;
812;US;90;42.0;California;Jim Gordon;
813;Australia;90;22.0;South Australia;Joe Czerwinski;
815;US;86;18.0;Washington;Sean P. Sullivan;
816;US;86;22.0;New York;Anna Lee C. Iijima;
817;Chile;86;12.0;Colchagua Valley;Michael Schachner;
818;France;86;15.0;Beaujolais;Roger Voss;
819;France;86;9.0;Southwest France;Roger Voss;
820;Spain;86;12.0;Northern Spain;Michael Schachner;
821;Spain;86;15.0;Catalonia;Michael Schachner;
822;Italy;86;20.0;Tuscany;Kerin O’Keefe;
823;US;86;28.0;California;Matt Kettmann;
824;US;86;10.0;California;Jim Gordon;
825;Italy;86;70.0;Tuscany;Kerin O’Keefe;
826;Italy;86;28.0;Tuscany;Kerin O’Keefe;
827;Chile;86;11.0;Curicó Valley;Michael Schachner;
828;France;86;30.0;Southwest France;Roger Voss;
829;US;86;26.0;Washington;Paul Gregutt;
830;France;86;15.0;Beaujolais;Roger Voss;
831;France;86;23.0;Beaujolais;Roger Voss;
833;Italy;86;30.0;Piedmont;Kerin O’Keefe;
834;Chile;86;10.0;Loncomilla Valley;Michael Schachner;
835;France;86;12.0;Beaujolais;Roger Voss;
836;Spain;86;13.0;Catalonia;Michael Schachner;
837;Spain;86;15.0;Catalonia;Michael Schachner;
838;US;86;36.0;Washington;Paul Gregutt;
839;US;86;20.0;New York;Anna Lee C. Iijima;
841;US;86;10.0;California;Jim Gordon;
842;France;86;16.0;Beaujolais;Roger Voss;
843;US;86;25.0;Washington;Paul Gregutt;
844;Italy;90;24.0;Sicily & Sardinia;Kerin O’Keefe;
846;France;90;24.0;Alsace;Anne Krebiehl MW;
847;France;90;33.0;Alsace;Anne Krebiehl MW;
849;France;90;70.0;Burgundy;Roger Voss;
850;France;90;117.0;Burgundy;Roger Voss;
852;France;90;16.0;Alsace;Anne Krebiehl MW;
853;Germany;90;30.0;Mosel;Anna Lee C. Iijima;
854;US;90;20.0;California;Jim Gordon;
855;US;90;35.0;California;Matt Kettmann;
856;Italy;90;25.0;Southern Italy;Kerin O’Keefe;
857;US;90;28.0;California;Matt Kettmann;
858;US;90;15.0;Oregon;Paul Gregutt;
859;US;90;150.0;California;Virginie Boone;
860;US;90;45.0;California;Matt Kettmann;
861;Italy;90;30.0;Sicily & Sardinia;Kerin O’Keefe;
862;Italy;90;19.0;Sicily & Sardinia;Kerin O’Keefe;
863;US;90;45.0;California;Matt Kettmann;
864;Germany;90;40.0;Ahr;Anna Lee C. Iijima;
866;Australia;90;25.0;South Australia;Joe Czerwinski;
867;US;90;40.0;Oregon;Paul Gregutt;
868;Chile;90;15.0;Colchagua Valley;Michael Schachner;
869;US;90;42.0;California;Matt Kettmann;
870;US;90;29.0;California;Jim Gordon;
871;US;90;42.0;California;Virginie Boone;
872;US;90;18.0;Oregon;Paul Gregutt;
873;Hungary;90;16.0;Tokaji;Jeff Jenssen;
874;Portugal;90;40.0;Douro;Roger Voss;
876;Spain;90;50.0;Catalonia;Michael Schachner;
878;France;90;35.0;Bordeaux;Roger Voss;
879;France;90;45.0;Bordeaux;Roger Voss;
880;US;90;20.0;California;;
881;Spain;90;44.0;Catalonia;Michael Schachner;
882;US;90;22.0;California;;
884;US;90;28.0;California;;
885;US;90;27.0;California;;
886;France;90;25.0;Languedoc-Roussillon;Lauren Buzzeo;
887;Portugal;90;60.0;Douro;Roger Voss;
888;US;90;72.0;Washington;Paul Gregutt;
889;US;90;44.0;California;;
890;US;90;28.0;California;;
891;US;90;29.0;California;;
892;US;90;58.0;Washington;Paul Gregutt;
893;Australia;90;15.0;Australia Other;Joe Czerwinski;
894;Italy;90;29.0;Tuscany;;
895;Italy;90;45.0;Tuscany;;
896;US;90;70.0;California;Virginie Boone;
897;US;90;39.0;Washington;Paul Gregutt;
899;Italy;90;28.0;Tuscany;;
900;Spain;90;48.0;Catalonia;Michael Schachner;
901;Portugal;90;50.0;Douro;Roger Voss;
902;US;87;22.0;Texas;Alexander Peartree;
903;Germany;87;10.0;Nahe;Anna Lee C. Iijima;
904;Italy;87;50.0;Piedmont;Kerin O’Keefe;
905;US;87;30.0;Texas;Alexander Peartree;
906;US;87;18.0;Texas;Alexander Peartree;
907;Portugal;87;30.0;Vinho Verde;Roger Voss;
908;Italy;87;39.0;Piedmont;Kerin O’Keefe;
909;Italy;87;35.0;Piedmont;Kerin O’Keefe;
910;Argentina;87;30.0;Mendoza Province;Michael Schachner;
911;France;87;23.0;France Other;Lauren Buzzeo;
912;US;87;18.0;Oregon;Paul Gregutt;
914;Argentina;87;20.0;Other;Michael Schachner;
915;US;87;25.0;Oregon;Paul Gregutt;
916;US;87;20.0;Oregon;Paul Gregutt;
917;Italy;87;50.0;Piedmont;Kerin O’Keefe;
918;Italy;87;50.0;Piedmont;Kerin O’Keefe;
919;Argentina;87;15.0;Mendoza Province;Michael Schachner;
921;Portugal;87;9.0;Tejo;Roger Voss;
922;Argentina;87;12.0;Mendoza Province;Michael Schachner;
923;Portugal;87;14.0;Tejo;Roger Voss;
924;Australia;87;18.0;South Australia;Joe Czerwinski;
925;US;87;20.0;California;Jim Gordon;
926;Argentina;87;175.0;Mendoza Province;Michael Schachner;
927;Portugal;87;12.0;Vinho Verde;Roger Voss;
928;Italy;87;60.0;Piedmont;Kerin O’Keefe;
929;US;87;20.0;California;Jim Gordon;
930;Argentina;87;15.0;Mendoza Province;Michael Schachner;
931;Italy;87;35.0;Piedmont;Kerin O’Keefe;
932;France;87;14.0;Bordeaux;Roger Voss;
933;France;87;16.0;Bordeaux;Roger Voss;
934;France;87;15.0;Bordeaux;Roger Voss;
935;France;87;14.0;Bordeaux;Roger Voss;
936;US;87;40.0;Oregon;Paul Gregutt;
937;US;87;29.0;Oregon;Paul Gregutt;
938;Spain;87;15.0;Northern Spain;Michael Schachner;
939;US;87;55.0;California;Jim Gordon;
940;France;87;38.0;Champagne;Roger Voss;
941;Spain;87;15.0;Levante;Michael Schachner;
942;US;87;34.0;California;Virginie Boone;
943;Spain;87;18.0;Northern Spain;Michael Schachner;
944;US;87;27.0;Oregon;Paul Gregutt;
945;US;87;17.0;California;Virginie Boone;
946;US;87;65.0;California;Virginie Boone;
947;Portugal;87;13.0;Douro;Roger Voss;
948;Portugal;87;15.0;Alentejano;Roger Voss;
949;Italy;87;23.0;Piedmont;Kerin O’Keefe;
950;US;87;40.0;California;Virginie Boone;
951;US;87;32.0;California;Jim Gordon;
952;Spain;87;16.0;Catalonia;Michael Schachner;
953;US;87;38.0;Oregon;Paul Gregutt;
954;US;87;15.0;California;Jim Gordon;
955;Italy;87;50.0;Piedmont;Kerin O’Keefe;
956;Italy;87;30.0;Southern Italy;Kerin O’Keefe;
957;US;87;24.0;California;Virginie Boone;
958;Spain;87;18.0;Northern Spain;Michael Schachner;
959;France;87;40.0;Champagne;Roger Voss;
960;France;87;18.0;Bordeaux;Roger Voss;
961;France;87;20.0;Bordeaux;Roger Voss;
962;France;85;40.0;Champagne;Roger Voss;
963;France;85;11.0;Bordeaux;Roger Voss;
964;Italy;85;17.0;Lombardy;;
965;Italy;85;48.0;Southern Italy;;
966;New Zealand;85;9.0;Marlborough;Joe Czerwinski;
967;Chile;85;10.0;Casablanca Valley;Michael Schachner;
969;Chile;85;9.0;Maipo Valley;Michael Schachner;
970;US;85;19.0;California;;
971;France;85;15.0;Champagne;Roger Voss;
972;US;85;23.0;California;;
973;US;85;35.0;California;;
974;US;85;30.0;Washington;Paul Gregutt;
975;Italy;85;12.0;Sicily & Sardinia;;
976;US;85;17.0;California;;
977;US;85;16.0;California;;
978;US;85;15.0;California;;
979;France;85;10.0;Bordeaux;Roger Voss;
980;Italy;85;41.0;Veneto;;
981;France;85;10.0;Bordeaux;Roger Voss;
982;Italy;85;16.0;Veneto;;
983;US;85;25.0;California;;
984;Romania;85;12.0;Dealu Mare;Susan Kostrzewa;
985;Argentina;88;20.0;Mendoza Province;Michael Schachner;
987;Australia;88;25.0;South Australia;;
988;US;88;20.0;Oregon;Paul Gregutt;
989;Spain;88;53.0;Northern Spain;Michael Schachner;
990;US;88;12.0;California;;
992;France;88;14.0;Southwest France;Roger Voss;
993;France;88;12.0;Southwest France;Roger Voss;
994;France;88;22.0;Loire Valley;Roger Voss;
995;Italy;88;26.0;Sicily & Sardinia;;
996;Italy;88;14.0;Sicily & Sardinia;;
997;Australia;88;18.0;South Australia;Joe Czerwinski;
998;US;88;18.0;Oregon;Paul Gregutt;
999;US;88;17.0;Oregon;Paul Gregutt;
1000;US;88;24.0;Oregon;Paul Gregutt;
